"","ESV","OTU","Sequence","Sample_SMALL_CS_Low_Illi_127_42_L001__Run1","Sample_SMALL_RVS_Low_Illi_123_10_L001__Run1","Sample_SMALLDuplicate_CS_Low_Illi_127_42_L001__Run2","Sample_SMALLDuplicate_RVS_Low_Illi_123_10_L001__Run2","curatedESV","CuratedESVRepresentativeSequence","OTUrepresentativeSequence","curatedOTU","CuratedOTURepresentativeSequence","rootrank","domain","phylum","class","order","family","genus","rootrank_confidence","domain_confidence","phylum_confidence","class_confidence","order_confidence","family_confidence","genus_confidence"
"1","ESV_1","OTU_30","TACGAAGGGGGCTAGCGTTGTTCGGATTTACTGGGCGTAAAGCGCACGTAGGCGGATCGTTAAGTGAGGGGTGAAATCCCGGGGCTCAACCCCGGAACTGCCTCTCATACTGGCGATCTGGAGTTCGAGAGAGGTGAGTGGAATTCCGAGTGTAGAGGTGAAATTCGTAGATATTCGGAGGAACACCAGTGGCGAAGGCGGCTCACTGGCTCGATACTGACGCTGAGGTGCGAAAGCGTGGGGAGCAAACAGG",0,3800,0,3800,"ESV_1",TRUE,TRUE,"OTU_30",TRUE,"Root","Bacteria","Proteobacteria","Alphaproteobacteria","Rhizobiales","Rhizobiaceae","SPNT01","94.0987425362027","94.0987425362027","94.0987425362027","94.0987425362027","79.7005965215029","79.7005965215029","58.1700898683254"
"2","ESV_10","OTU_63","TACGGAGGGTGCAAGCGTTAATCGGAATTACTGGGCGTAAAGCGTGCGTAGGCGGCCATTTAAGTTGGATGTGAAAGCCCCGGGCTCAACCTGGGAACGGCATCCAAAACTGAGTGGCTTGAGTGCGGAAGAGGAGTGTGGAATTTCCTGTGTAGCGGTGAAATGCGTAGATATAGGAAGGAACACCAGTGGCGAAGGCGACACTCTGGTCTGACACTGACGCTGAGGTACGAAAGCGTGGGGAGCAAACAGG",75,0,75,0,"ESV_8",FALSE,TRUE,"OTU_64",FALSE,"Root","Bacteria","Proteobacteria","Gammaproteobacteria","Pseudomonadales","Endozoicomonadaceae","Endozoicomonas","74.0911611767211","74.0911611767211","72.2359202634053","72.2359202634053","69.8390144313003","67.0359998740848","67.0359998740848"
"3","ESV_100","OTU_39","TACGGAGGGAGCAAGCGTTGTTCGGAATTACTGGGCGTAAAGGGCGCGTAGGCGGCCTTGTAAGTCGAGTGTGAAATGCCGGGGCTCAACTCCGTGCACTGCATTCGATACTGCTTGGCTAGAGAGAGGTAGAGGCGAGCGGAATTCCCGGTGTAGCGGTGGAATGCGTAGATATCGGGAAGAACATCTGCGGCGAAGGCGGCTCGCTGGGCCTTTTCTGACGCTGAAGCGCGAAAGCGTGGGGAGCAAACAGG",2,0,2,0,"ESV_100",TRUE,TRUE,"OTU_39",TRUE,"Root","unclassified_Root",NA,NA,NA,NA,NA,"34.6588143811269","34.6588143811269",NA,NA,NA,NA,NA
"4","ESV_101","OTU_22","TACAGAGGTGGCAAGCGTTGTTCGGAATCACTGGGCTTAAAGGGCGTGCAGGCGGCCGGGTAAGCGTCTTGTGAAATCCCTCGGCTCAACCGGGGAATTGCTCGACGAACTGCTCGGATTGAGGAGGATAGGGGCGACTGGAACTCTGGGTGGAGCGGTGAAATGCGTAGATATCCAGGGGAACGCCGGTGGAGAAATCGGGTCGCTGGGTCCTTCCTGACGCTGAGGCGCGAAAGCCAGGGGAGCGAACGGG",2,0,2,0,"ESV_101",TRUE,TRUE,"OTU_22",TRUE,"Root","unclassified_Root",NA,NA,NA,NA,NA,"36.4162744912799","36.4162744912799",NA,NA,NA,NA,NA
"5","ESV_102","OTU_38","TACGGAGGATTCAAGCGTTATCCGGATTTATTGGGTTTAAAGGGTGCGTAGGCGGCTTTATAAGTTAGAGGTGAAATCTCGGAGCTCAACTCCGAAACTGCCTCTAATACTGTAGAGCTAGAGATTAGTTGCTGTGGGCGGAATGTATGGTGTAGCGGTGAAATGCTTAGAGATCATACAGAACACCGATTGCGAAGGCAGCTCACAAAGCTAAATCTGACGTTGAGGCACGAAAGCGTGGGGAGCAAACAGG",2,0,2,0,"ESV_102",TRUE,TRUE,"OTU_38",TRUE,"Root","Bacteria","unclassified_Bacteria",NA,NA,NA,NA,"56.9133789563846","56.9133789563846","56.9133789563846",NA,NA,NA,NA
"6","ESV_103","OTU_68","TACGGAGGGTGCAAGCGTTATCCGGAATCATTGGGTTTAAAGGGTGCGTAGGCGGTCTGATAAGTCAGTGGTGAAAGTCTGCAGCTTAACTGTAGAAGTGCCATTGATACTGTCAGACTTGAATCTGGTGAAGGCAGGCGGAATTCCTCATGTAGCGGTGAAATGCATAGATATGAGGAAGAACACCAATAGCGTAGGCAGCTTGCTGTACCAGTATTGACGCTGAGGCACGAAAGCGTGGGGAGCGAACAGG",2,0,2,0,"ESV_103",TRUE,TRUE,"OTU_68",TRUE,"Root","Bacteria","Bacteroidota","Bacteroidia","unclassified_Bacteroidia",NA,NA,"49.1552575223594","49.1552575223594","45.2631226367814","44.7923697447355","44.7923697447355",NA,NA
"7","ESV_104","OTU_33","TACGAATGGAGCAAGCGTTGTTCGGAATCACTGGGCTTAAAGCGTGCGCAGGCGGACTTGAAAGTCAGGAGTGAAATCCCGGGGCTCAACCCCGGAACTGCTCTTGAAACTCCAAGTCTAGAATCCGAGAGAGGTGAGGAGAATTCCTAGTGTAGAGGTGAAATTCGCAGATATTAGGAGGAATACCAGTGGCGTAGGCGCCTCACTGGCTCGGTATTGACGCTCATGTACGAAAGCGTGGGGAGCAAACAGG",2,0,2,0,"ESV_104",TRUE,TRUE,"OTU_33",TRUE,"Root","Bacteria","Proteobacteria","Alphaproteobacteria","Micavibrionales","Micavibrionaceae","TMED27","55.0860382866056","55.0860382866056","53.181187119637","53.181187119637","48.9167055213704","48.9167055213704","41.9387296302947"
"8","ESV_105","OTU_50","TACGGAGGGGGCTAGCGTTGTTCGGAATTACTGGGCGTAAAGCGCACGTAGGCGGCGCATCAAGTTAGAGGTGAAAGGCCCGGGCTCAACCTGGGAACTGCCTTTAAGACTGATGTGCTTGAGTCCGGAAGAGGGCGGCGGAATTCCCAGTGTAGAGGTGAAATTCGTAGATATTACATAGAATACCGATTGCGAAGGCAGATCACTAACAATATATTGACGCTGATGGACGAAAGCGTGGGGAGCGAACAGG",2,0,2,0,"ESV_2",FALSE,TRUE,"OTU_51",FALSE,"Root","Bacteria","unclassified_Bacteria",NA,NA,NA,NA,"46.025185234305","46.025185234305","46.025185234305",NA,NA,NA,NA
"9","ESV_106","OTU_75","TACGGAGGGTGCAAGCGTTGTTCGGATTTACTGGGCGTAAAGGGCGCGTAGGCGGAGATGCAAGCCGGTTGTGAAAGGCTTGGGCTTAACCCGAGACGGTCTTCCGGAACTGCATCACTAGAGGGAGTCAGAGGCAAGCGGAATTCCTGGTGTAGAGGTGAAATTCGTAGATATCAGGAGGAACGCCCGTGGCGAAGGCTGCTTGTTGGGGCTTTTCTGACGCTGAGGCGCGAAAGCGTGGGTAGCAAACAGG",0,2,0,2,"ESV_106",TRUE,TRUE,"OTU_75",TRUE,"Root","unclassified_Root",NA,NA,NA,NA,NA,"32.0720883541492","32.0720883541492",NA,NA,NA,NA,NA
"10","ESV_107","OTU_57","TACGGAGGGTCCGAGCGTTATCCGGAATCATTGGGTTTAAAGGGTCCGTAGGCGGATGATTAAGTCAGAGGTGAAAGTTTGCAGCTCAACTGTAAAATTGCCTTTGATACTGGTTGTCTTGAGTTATGTTGAAGTGGATGGAATGTGTAGTGTAGCGGTGAAATGCATAGATATTACACAGAACACCGATTGCGAAGGCAGTCCACTAAGTATACACTGACGCTGATGGACGAAAGCGTGGGGAGCGAACAGG",0,2,0,2,"ESV_107",TRUE,TRUE,"OTU_57",TRUE,"Root","Bacteria","Bacteroidota","Bacteroidia","Flavobacteriales","Flavobacteriaceae","unclassified_Flavobacteriaceae","66.4609511006296","66.4609511006296","66.4609511006296","66.4609511006296","66.4609511006296","66.4609511006296","66.4609511006296"
"11","ESV_108","OTU_25","TACGAAGGGCGCAAGCGTTGCTCGGAATCATTGGGCGTAAAGGGTGCGTAGGCGGCTTTGTAGGTGGGGTGTGAAAGCCCTCGGCTCAACCGAGGAATTGCGCCCCAAACCACAAGGCTCGAGGGAGACAGAGGTAAGCGGAACTGATGGTGGAGCGGTGAAATGCGTTGATATCATCAGGAACACCGGTGGCGAAAGCGGCTTACTGGGTCTCTTCTGACGCTGAGGCACGAAAGCTAGGGTAGCGAACGGG",0,2,0,2,"ESV_108",TRUE,TRUE,"OTU_25",TRUE,"Root","Bacteria","Planctomycetota","Planctomycetia","Pirellulales","unclassified_Pirellulales",NA,"63.995140345109","63.995140345109","59.0307616145478","58.4515990782805","58.4515990782805","58.4515990782805",NA
"12","ESV_109","OTU_9","GACGGAGGGTGCAAGCGTTGCTCGGAATCACTGGGCGTAAAGGGTGCGTAGGCGGTCCTTCAAGTCTGGCGTGAAAGCCCAGGGCTCACCCCTGGAAGTGCGCTAGAAACTGATGGACTTGAGTACCGGAGGGGAGAGTGGAATTCCCGGTGTAGCGGTGAAATGCGTAGATATCGGGAGGAATACCAGTGGCGAAAGCGACTCTCTGGACGGTTACTGACGCTGAGGCACGAAAGCGTGGGGAGCAAACAGG",0,2,0,2,"ESV_109",TRUE,TRUE,"OTU_9",TRUE,"Root","Bacteria","Proteobacteria","Gammaproteobacteria","Legionellales","Legionellaceae","GCA-2863045","66.0428268536442","66.0428268536442","47.660649878354","47.660649878354","47.660649878354","47.660649878354","47.660649878354"
"13","ESV_11","OTU_65","TACGGAGGGTGCGAGCGTTAATCGGAATTACTGGGCGTAAAGCGTGCGTAGGCGGCTTGTTAAGTTGGATGTGAAAGCCCCGGGCTCAACCTGGGAACTGCACCCAAAACTGGCAAGCTAGAGTGCGGAAGAGGAGTGTGGAATTTCCTGTGTAGCGGTGAAATGCGTAGATATAGGAAGGAACACCAGTGGCGAAGGCGACACTCTGGTCTGACACTGACGCTGAGGTACGAAAGCGTGGGGAGCAAACAGG",50,17,50,17,"ESV_11",TRUE,FALSE,"OTU_65",FALSE,"Root","Bacteria","Proteobacteria","Gammaproteobacteria","Pseudomonadales","Endozoicomonadaceae","Endozoicomonas","76.6372738749618","76.6372738749618","76.0571343360267","75.1137793932812","69.3416675208618","67.1530027865966","67.1530027865966"
"14","ESV_110","OTU_2","GACAGAGGCCACGAACGTTGTTCGGAATCACTGGGCATAAAGCGCACGTAGGCGGCCAAGTCCGTCTGATGTGAAAGCCCCCGGCTCAACCGGGGAACTGCATCGGAAACTGCTTGGCTTGAGGATGGTTGGGGTGAGTGGAACTCCTGGTGGAGCGGTGAAATGCGTAGATATCAGGAGGAACACCAGTGGCGAAAGCGGCTCACTGGACCATTTCTGACGCTGAGGTGCGAAAGCTAGGGGAGCAAACGGG",0,2,0,2,"ESV_110",TRUE,TRUE,"OTU_2",TRUE,"Root","Bacteria","Planctomycetota","UBA1135","UBA1135","GCA-002686595","JABFRZ01","62.8036101573952","62.8036101573952","61.7643303501651","61.0942507908141","61.0942507908141","61.0942507908141","55.0188676408733"
"15","ESV_12","OTU_6","GACGGAGGATGCAAGTGTTATCCGGAATCACTGGGCGTAAAGCGTCTGTAGGTGGTCAAATAAGTCAACTGTTAAATCTTGAGGCTCAACCTCAAAATCGCAGTCGAAACTATTAGACTAGAGTATAGTAGGGGTAAAGGGAATTTCCAGTGGAGCGGTGAAATGCGTAGAGATTGGAAAGAACACCGATGGCGAAGGCACTTTACTGGGCTATTACTAACACTCAGAGACGAAAGCTAGGGTAGCAAATGGG",43,15,43,15,"ESV_12",TRUE,TRUE,"OTU_6",TRUE,"Root","Bacteria","Cyanobacteria","Oxyphotobacteria",NA,NA,"Chloroplast","94.9067464032348","94.9067464032348","94.9067464032348","94.9067464032348",NA,NA,"94.9067464032348"
"16","ESV_13","OTU_92","TACGTAAGGTCCTAGTTTTTATTGATAAAAAGGCGTAAAGGGTGTGTAGGTGTGCTCGTAGGGGGTTAAAGGGGGGTAAGTAGAACTTTTATGTAGCGGTAGAATGCTTTGATATAAAAAGGAATTTCAGAGGCGAAGGCGGCTTACCAATTTAGACTGTCGCTGAGACACGAAAGTGTGGGGAACTAACAGG",56,0,56,0,"ESV_13",TRUE,TRUE,"OTU_92",TRUE,"Root","unclassified_Root",NA,NA,NA,NA,NA,"26.106480036572","26.106480036572",NA,NA,NA,NA,NA
"17","ESV_14","OTU_82","TACGGAGGGTGCGAGCGTTAATCGGAATTACTGGGCGTAAAGCGCGCGTAGGTGGTTTGGCAAGTCAGATGTGAAAGCCCCGGGCTTAACCTGGGAATGGCATTTGATACTGCCAGACTGGAGTGTGGCAGAGGACAGTGGAATTCCCGGAGTAGCGGTGAAATGCGTAGATATCGGGAGGAACACCAGTGGCGAAGGCGGCTGTCTGGGCCAATACTGACACTGAGGCGCGAAAGCGTGGGTAGCGAACAGG",55,0,55,0,"ESV_14",TRUE,TRUE,"OTU_82",TRUE,"Root","Bacteria","Proteobacteria","Gammaproteobacteria","unclassified_Gammaproteobacteria",NA,NA,"54.61977930118","54.61977930118","46.3267003883803","45.8420588131625","45.8420588131625",NA,NA
"18","ESV_15","OTU_13","GACGGAGGGTGCTAGCGTTGTTCGGAATCACTGGGCGTAAAGGGCGCGTAGGCGGCTTGGTTAGTCAGATGTGAAAGCCCAGGGCTCAACTCTGGAATTGCATTTGATACTCCCAAGCTAGAGATCGAAAGAGGAGAGTGGAATACCCAGTGTAGAGGTGAAATTCGTAGATATTGGGTGGAACACCAGTGGCGAAAGCGGCTCTCTGGTTCGATTCTGACGCTGAGGCGCGAAAGCGTGGGGAGCAAACAGG",53,0,53,0,"ESV_15",TRUE,TRUE,"OTU_13",TRUE,"Root","unclassified_Root",NA,NA,NA,NA,NA,"38.6544482339141","38.6544482339141",NA,NA,NA,NA,NA
"19","ESV_16","OTU_65","TACGGAGGGTGCAAGCGTTAATCGGAATTACTGGGCGTAAAGCGTGCGTAGGCGGTCTGTTAAGTTGGATGTGAAAGCCCCGGGCTCAACCTGGGAACTGCACCCAAAACTGACAGACTCGAGTGCGGAAGAGGAGTGTGGAATTTCCTGTGTAGCGGTGAAATGCGTAGATATAGGAAGGAACACCAGTGGCGAAGGCGACACTCTGGTCTGACACTGACGCTGAGGTACGAAAGCGTGGGGAGCAAACAGG",0,51,0,51,"ESV_16",TRUE,TRUE,"OTU_65",TRUE,"Root","Bacteria","Proteobacteria","Gammaproteobacteria","Pseudomonadales","Endozoicomonadaceae","Endozoicomonas","75.7907936934351","75.7907936934351","74.9401080437049","74.9401080437049","71.6019610375908","65.6973201641644","65.6973201641644"
"20","ESV_17","OTU_88","TACGGGAGTGGCAAGCGTTATCCGGAATTATTGGGCGTAAAGCGTCCGCAGGCGGCCCTTCAAGTCTGCTGTTAAAAAGTGGAGCTTAACTCCATCATGGCAGTGGAAACTGTTGGGCTTGAGTGTGGTAGGGGCAGAGGGAATTCCCGGTGTAGCGGTGAAATGCGTAGATATCGGGAAGAACACCAGTGGCGAAGGCGCTCTGCTGGGCCATCACTGACGCTCATGGACGAAAGCCAGGGGAGCGAAAGGG",43,5,43,5,"ESV_17",TRUE,TRUE,"OTU_88",TRUE,"Root","Bacteria","Cyanobacteria","Cyanobacteriia","PCC-6307","Cyanobiaceae","unclassified_Cyanobiaceae","100","100","84.2571587076643","84.2571587076643","84.2571587076643","84.2571587076643","84.2571587076643"
"21","ESV_18","OTU_53","TACGGAGGGGGCTAGCGTTGTTCGGAATTACTGGGCGTAAAGGGCGCGTAGGCGGCTTGGTCAGTCAGGCGTGAAAGCCCCGGGCTTAACCTGGGAGGTGCGTTTGATACTGCTAAGCTGGAGTCCGGGAGAGGTGAGCGGAATTCCCAGTGTAGAGGTGGAATTCGTAGATATTGGGAAGAACACCGGTGGCGTAGGCGGCTCACTGGACCGGCACTGACGCTGAGGCGCGAAAGCATGGGGAGCAAACAGG",43,0,43,0,"ESV_18",TRUE,TRUE,"OTU_53",TRUE,"Root","Bacteria","unclassified_Bacteria",NA,NA,NA,NA,"41.9899820317687","41.7089464464783","41.7089464464783",NA,NA,NA,NA
"22","ESV_19","OTU_87","TACGGGAGGTGCGAGCGTTAATCGGAATTACTGGGCGTAAAGCGCGCGTAGGCGGTCTGCTAAGTCGGATGTGAAATCCCCGGGCTTAACCTGGGAACTGCATTCGATACTGGCGGACTCGAGTACAGTAGAGGGAATCGGAATTCCGGGTGTAGCGGTGAAATGCACAGATATCCGGAGGAACACCAAAGGCGAAGGCAGATTCCTGGACTGACACTGACGCTGAGGCGCGAAAGCGTGGGGAGCAAACAGG",0,43,0,43,"ESV_19",TRUE,TRUE,"OTU_87",TRUE,"Root","Bacteria","unclassified_Bacteria",NA,NA,NA,NA,"51.0673632473362","51.0673632473362","51.0673632473362",NA,NA,NA,NA
"23","ESV_2","OTU_51","TACGGAGGGGGCTAGCGTTGTTCGGAATTACTGGGCGTAAAGCGCACGTAGGCGGCGCATCAAGTTAGAGGTGAAAGGCCCGGGCTCAACCTGGGAACTGCCTTTAAGACTGATGTGCTTGAGTCCGGAAGAGGGCGGCGGAATTCCCAGTGTAGAGGTGAAATTCGTAGATATTGGGAAGAACACCGGTTGCGAAGGCGGCCGCCTGGTCCGGTACTGACGCTGAGGTGCGAAAGCGTGGGGAGCAAACAGG",1484,0,1484,0,"ESV_2",TRUE,TRUE,"OTU_51",TRUE,"Root","Bacteria","Proteobacteria","Alphaproteobacteria","unclassified_Alphaproteobacteria",NA,NA,"57.0472638717851","57.0472638717851","56.4580838243856","55.3004103963438","55.3004103963438",NA,NA
"24","ESV_20","OTU_34","TACGGAAGGGGCAAGCGTTGTTCGGAATCATTGGGCGTAAAGGGCGCGCAGGCGGTCTCATATGTCTGCTGTGAAATCACACGGCTCAACCGTGTTAAGCCGCAGAAACTGTGAGACTTGAGGCTGGGAGGGGCTGGTGGAATTCCCTGTGTAGCGGTGAAATGCGTAGAGATGGGGGAGAACACTCGTGGCGAAGGCGGCCAGCTGGACCAGTTCTGACGCTGAGGCGCGAAAGCGTGGGGAGCAAACAGG",42,0,42,0,"ESV_20",TRUE,TRUE,"OTU_34",TRUE,"Root","Bacteria","Tectomicrobia","Entotheonellia","Entotheonellales","Entotheonellaceae","Entotheonella","58.9909715219233","58.9909715219233","57.3121588980605","57.3121588980605","57.3121588980605","57.3121588980605","57.3121588980605"
"25","ESV_21","OTU_7","GACGGAGGATGCAAGTGTTATCCGGAATCACTGGGCGTAAAGCGTCTGTAGGTGGTTTAATAAGTCAACTGTTAAATCTTGAAGCTTAACTTCAAAATCGCAGTCGAAACTATTAGACTAGAGTATAGTAGAGGTAAAGGGAATTTCCAGTGGAGCGGTGAAATGCGTAGATATTGGAAAGAACACCGATGGCGAAAGCACTTTACTGGGCTATTACTAACACTCAGAGACGAAAGCTAGGGTAGCAAATGGG",35,0,35,0,"ESV_12",FALSE,TRUE,"OTU_6",FALSE,"Root","Bacteria","Cyanobacteria","Oxyphotobacteria",NA,NA,"Chloroplast","90.1046674284513","90.1046674284513","90.1046674284513","90.1046674284513",NA,NA,"90.1046674284513"
"26","ESV_22","OTU_4","GACGAACCGTACGAACGTTATTCGGAATTACTGGGCTTAAAGGGTGCGTAGGCTGCACGGAAAGTTGGGTGTGAAAGCCCTCAGCTCAACTGAGGAATTGCATCCAAAACTGCCGTGCTAGAGGGAGACAGAGGTGAGCGGAACTCAAGGTGGAGCGGTGAAATGCGTTGATATCTTGAGGAACACCGGTGGCGAAAGCGGCTCACTGGGTCTCTTCTGACGCTGAGGCACGAAAGCTAAGGTAGCAAACGGG",33,0,33,0,"ESV_22",TRUE,TRUE,"OTU_4",TRUE,"Root","Bacteria","Planctomycetota","Planctomycetia","Pirellulales","UBA1268","UBA1268","100","100","72.2930114249723","72.2930114249723","72.2930114249723","72.2930114249723","61.0165318994416"
"27","ESV_23","OTU_27","TACGAAGGGGGCTAGCGTTGTTCGGAATCACTGGGCGTAAAGCGCACGTAGGCTGACTGGTCAGTTGGGGGTGAAATCCCGGGGCTCAACCTCGGAACTGCCTTCAATACTGCCAGTCTTGAGTCCGAGAGAGGTGAGTGGAATTCCTAGTGTAGAGGTGAAATTCGTAGATATTAGGAAGAACACCAGTGGCGAAGGCGGCTCACTGGCTCGGTACTGACGCTGAGGTGCGAAAGCGTGGGGAGCAAACAGG",24,8,24,8,"ESV_23",TRUE,TRUE,"OTU_27",TRUE,"Root","Bacteria","Proteobacteria","Alphaproteobacteria","Rhizobiales","unclassified_Rhizobiales",NA,"78.002419433503","78.002419433503","77.1672074327416","76.3692340496151","71.4538971462375","71.4538971462375",NA
"28","ESV_24","OTU_54","TACGGAGGGGGTTAGCGTTGTTCGGAATTACTGGGCGTAAAGCGCACGTAGGCGGACTGGAAAGTTGGGGGTGAAATCCCGGGGCTCAACCTCGGAACTGCCTCCAAAACTACTAGTCTAGAGTTCGAGAGAGGTGAGTGGAATTCCGAGTGTAGAGGTGAAATTCGTAGATATTCGGAGGAACACCAGTGGCGAAGGCGGCTCACTGGCTCGATACTGACGCTGAGGTGCGAAAGTGTGGGGAGCAAACAGG",24,0,24,0,"ESV_24",TRUE,TRUE,"OTU_54",TRUE,"Root","Bacteria","Proteobacteria","Alphaproteobacteria","Rhodobacterales","Rhodobacteraceae","unclassified_Rhodobacteraceae","97.0811139189274","97.0811139189274","97.0811139189274","97.0811139189274","97.0811139189274","97.0811139189274","97.0811139189274"
"29","ESV_25","OTU_72","TACGGAGGGTGCAAGCGTTGTCCGGATTTATTGGGTTTAAAGGGTGCGTAGGCGGTATATTAAGTCAGTGGTGAAAGCCTGCAGCTTAACTGTAGAACGGCCATTGATACTGGTATACTTGAGTGTGATTGATGTAGGCGGAATTTATGGTGTAGCGGTGAAATGCATAGATACCATAAAGAACACCGATAGCGAAGGCAGCTTACAGAGTCACTACTGACGCTGAGGCACGAAAGCGTGGGGAGCGAACAGG",23,0,23,0,"ESV_25",TRUE,TRUE,"OTU_72",TRUE,"Root","Bacteria","Bacteroidota","Bacteroidia","Cytophagales","unclassified_Cytophagales",NA,"57.3539853378563","57.3539853378563","45.0951592654938","45.0951592654938","42.115101300923","42.115101300923",NA
"30","ESV_26","OTU_78","TACGGAGGGTGCGAACGTTAATCGGAATTACTGGGCGTAAAGCGCGCGTAGGCGGTTTGATAAGTGGGATGTGAAAGCCCCGGGCTTAACCTGGGAACTGCATTCCAAACTGTCAGGCTAGAGTATGGTAGAGGGAGGTAGAATTTCCTGTGTAGCGGTGAAATGCGTAGATATAGGAAGGAATACCGGTGGCGAAGGCGGCCTCCTGGACCAATACTGACGCTGAGGTGCGAAAGCGTGGGGAGCAAACAGG",0,21,0,21,"ESV_26",TRUE,TRUE,"OTU_78",TRUE,"Root","Bacteria","Proteobacteria","Gammaproteobacteria","Pseudomonadales","HTCC2089","unclassified_HTCC2089","79.3594311436919","79.3594311436919","79.3594311436919","79.3594311436919","77.8030700420953","67.3874089272908","67.3874089272908"
"31","ESV_27","OTU_96","TACGTATGGTGCAAGCGTTGTTCGGATTTACTGGGCGTAAAGAGCGTGCAGGCGGATTATTAAGTCAGACGTGAAATCTCCGGGCTCAACCCGGAGGCTGCATCTGAAACTGGTAGTCTGGAGTCCTGGAGAGGTAAGCAGAATTCTTGGTGTAGCGGTGAAATGCGTAGATATCAAGAGGAATACCGATGGCGAAGGCAGCTTACTGGACAGTGACTGACGCTGAGACGCGAAAGCGTGGGTAGCAAACAGG",20,0,20,0,"ESV_27",TRUE,TRUE,"OTU_96",TRUE,"Root","unclassified_Root",NA,NA,NA,NA,NA,"28.8084792765465","28.8084792765465",NA,NA,NA,NA,NA
"32","ESV_28","OTU_81","TACGGAGGGTGCGAGCGTTAATCGGAATTACTGGGCGTAAAGCGCGCGTAGGCGGCAGTGTAAGTCGGATGTGAAAGCCCCGGGCTCAACCTGGGAATTGCACTCGATACTGCACTACTAGAGTATGGGAGAGGGAAGTGGAATTTCCGGTGTAGCGGTGAAATGCGTAGATATCGGAAAGAACACCAGTGGCGAAGGCGACTTCCTGGCCCAATACTGACGCTGAGGTGCGAAAGCGTGGGGAGCAAACAGG",19,0,19,0,"ESV_28",TRUE,TRUE,"OTU_81",TRUE,"Root","Bacteria","Proteobacteria","Gammaproteobacteria","SZUA-152","SZUA-152","DRQN01","69.3488186719857","69.3488186719857","67.0124857554157","66.194944626194","46.0151220950965","46.0151220950965","45.3296247236407"
"33","ESV_29","OTU_6","GACGGAGGATGCAAGTGTTATCCGGAATCACTGGGCGTAAAGCGTCTGTAGGTGGTTTAATAAGTCAACTGTTAAATCTTGAGGCTTAACTTCAAAACCGCAGTCGAAACTATTAGACTAGAGTATAGTAGGGGTAAAGGGAATTTCCAGTGGAGCGGTGAAATGCGTAGAGATTGGAAAGAACACCGATGGCGAAGGCACTTTACTGGGCTATTACTAACACTCAGAGACGAAAGCTAGGGTAGCAAATGGG",18,0,18,0,"ESV_12",FALSE,FALSE,"OTU_6",FALSE,"Root","Bacteria","Cyanobacteria","Oxyphotobacteria",NA,NA,"Chloroplast","91.1099165022145","91.1099165022145","91.1099165022145","91.1099165022145",NA,NA,"91.1099165022145"
"34","ESV_3","OTU_51","TACGGAGGGGGCTAGCGTTGTTCGGAATTACTGGGCGTAAAGCGCACGTAGGCGGCGCGTCAAGTTAGAGGTGAAAGGCCCGGGCTCAACCTGGGAACTGCCTTTAAGACTGGCGCGCTTGAGTCCGGAAGAGGGCGGCGGAATTCCCAGTGTAGAGGTGAAATTCGTAGATATTGGGAAGAACACCGGTTGCGAAGGCGGCCGCCTGGTCCGGTACTGACGCTGAGGTGCGAAAGCGTGGGGAGCAAACAGG",443,0,443,0,"ESV_2",FALSE,FALSE,"OTU_51",FALSE,"Root","Bacteria","Proteobacteria","Alphaproteobacteria","unclassified_Alphaproteobacteria",NA,NA,"57.6108734410981","57.6108734410981","53.5427738293075","52.4270703794484","52.4270703794484",NA,NA
"35","ESV_30","OTU_64","TACGGAGGGTGCGAGCGTTAATCGGAATTACTGGGCGTAAAGCGTGCGTAGGCGGCTTGCTAAGTTGGATGTGAAAGCCCCGGGCTCAACCTGGGAACTGCATCCAAAACTGGCAAGCTAGAGTGCGGAAGAGGAGTGTGGAATTTCCTGTGTAGCGGTGAAATGCGTAGATATAGGAAGGAACACCAGTGGCGAAGGCGACACTCTGGTCTGACACTGACGCTGAGGTACGAAAGCGTGGGGAGCAAACAGG",18,0,18,0,"ESV_11",FALSE,FALSE,"OTU_64",FALSE,"Root","Bacteria","Proteobacteria","Gammaproteobacteria","Pseudomonadales","Endozoicomonadaceae","Endozoicomonas","86.2568300108501","86.2568300108501","85.6534911364352","84.6941525234431","80.1351848558091","74.7596820374622","74.7596820374622"
"36","ESV_31","OTU_94","TACGTAGGGTGCAAGCGTTGTTCGGATTTACTGGGCGTAAAGGGTGCGTAGGCGGAGCGGTAAGCTCAGAGTGAAAGTTCAAGGCTCAACCTTGAAATGTCTCTGGGAACTGCCGTTCTGGAGAATGTTAGAGGTCAGTGGAATTCCCAGTGTAGAGGTGAAATTCGTAGATATTGGGAGGAACACCGGTGGCGAAAGCGACTGGCTGGGACATTTCTGACGCTGAGGCACGAAAGCGTGGGGAGCAAACAGG",18,0,18,0,"ESV_31",TRUE,TRUE,"OTU_94",TRUE,"Root","unclassified_Root",NA,NA,NA,NA,NA,"39.6408567636776","39.6408567636776",NA,NA,NA,NA,NA
"37","ESV_32","OTU_95","TACGTATGGTGCAAGCGTTGTTCGGAATCACTGGGCGTAAAGCGCGTGTAGGCGTATAACTAAGTTGGACGTGAAATCCCTAGGCTCAACCTAGGAACTGCGTACAAAACTGGTTGTATAGAGTTTCGGAGAGGCAAGTGGAATTCTCGGTGTAGCGGTGAAATGTGTAGATATCGAGAGGAACACCAACGGCGAAGGCAGCTTGCTGGAAGAAAACTGACGCTGAAATGCGAAAGCATGGGTAGCAAACAGG",18,0,18,0,"ESV_32",TRUE,TRUE,"OTU_95",TRUE,"Root","unclassified_Root",NA,NA,NA,NA,NA,"35.3699785413114","35.3699785413114",NA,NA,NA,NA,NA
"38","ESV_33","OTU_41","TACGGAGGGAGCTAGCGTTGTTCGGAATTACTGGGCGTAAAGCGTGCGTAGGCGGCTTGATAAGTAGAGGGTGAAATCCCGAGGCTCAACCTCGGAACTGCCCCCTAAACTGTTGAGCTAGAATCCTGGAGAGGTGAGCGGAATTCCTAGTGTAGAGGTGAAATTCGTAGATATTAGGAAGAACACCAGTGGCGAAGGCGGCTCACTGGACAGGTATTGACGCTGAGGTACGAAAGCGTGGGGAGCGAACAGG",18,0,18,0,"ESV_33",TRUE,TRUE,"OTU_41",TRUE,"Root","Bacteria","Proteobacteria","Alphaproteobacteria","Sphingomonadales","Kordiimonadaceae","Kordiimonas","63.6440232706389","63.6440232706389","63.1701763104545","62.6162585316892","49.8541986209965","44.9984547762729","42.5185925561802"
"39","ESV_34","OTU_32","TACGAAGGTGGCGAGCGTTGTTCGGATTTACTGGGCGTAAAGAGCACGTAGGCGGTTAGGTAAGCCTCTTGGGAAAGCTCCTGGCTTAACCGGGAAAGGTCGAGGGGAACTACCTAGCTAGAGGACGGGAGAGGAGCGTGGAATTCCCGGTGTAGCGGTGAAATGCGTAGATATCGGGAAGAAGGCCGGTGGCGAAGGCGGCGCTCTGGAACGAACCTGACGCTGAGGTGCGAAAGCGTGGGGAGCAAACAGG",17,0,17,0,"ESV_34",TRUE,FALSE,"OTU_32",FALSE,"Root","Bacteria","Nitrospirota","Nitrospiria","Nitrospirales","UBA8639","unclassified_UBA8639","67.9799278364306","67.9799278364306","47.6379554090164","47.6379554090164","47.6379554090164","44.0177824955879","44.0177824955879"
"40","ESV_35","OTU_60","TACGGAGGGTGCGAGCGTTAATCGGAATTACTGGGCGTAAAGAGTACGTAGGCGGCTTGGTCAGTCGGATGTGAAAGCCCCGGGCTTAACCTGGGAATTGCACTCGATACTGCCAAGCTAGAGTTTAGTAGAGGAATGCGGAATTCCGGGTGTAGCGGTGAAATGCGTAGAGATCCGGAGGAACATCAATGGCGAAGGCAGCATTCTGGGCTAAAACTGACGCTGAGGTACGAAAGCGTGGGGAGCAAACAGG",17,0,17,0,"ESV_35",TRUE,FALSE,"OTU_60",FALSE,"Root","Bacteria","Proteobacteria","Gammaproteobacteria","UBA4575","UBA4575","JABDMD01","77.9677206215273","77.9677206215273","77.9677206215273","77.9677206215273","75.9222348739206","75.9222348739206","75.9222348739206"
"41","ESV_36","OTU_6","GACGGAGGATGCAAGTGTTATCCGGAATCACTGGGCGTAAAGCGTCTGTAGGTGGTTTAATAAGTCAACTGTTAAATCTCGAGGCCCAACCTCGAAATCGCAGTCGAAACTATTAGACTAGAGTATAGTAGGGGTAAAGGGAATTTCCAGTGGAGCGGTGAAATGCGTAGAGATTGGAAAGAACACCGATGGCGAAGGCACTTTACTGGGCTATTACTAACACTCAGAGACGAAAGCTAGGGTAGCAAATGGG",17,0,17,0,"ESV_12",FALSE,FALSE,"OTU_6",FALSE,"Root","Bacteria","Cyanobacteria","Oxyphotobacteria",NA,NA,"Chloroplast","86.4878738962499","86.4878738962499","86.4878738962499","86.4878738962499",NA,NA,"86.4878738962499"
"42","ESV_37","OTU_76","TACGGAGGGTGCAAGCGTTGTTCGGATTTACTGGGCGTAAAGGGTATGTAGGCGGGCGCGTAAGCCGAAAGTGAAAGCCCCGGGCTTAACCCGGGCGGGTCTTGTCGGAACTGCGCGCCTAGAGAAAGTCAGAGGCAGGCGGAATTCCTGGTGTAGAGGTGGAATTCGTAGAGATCAGGAGGAACGCCGGTGGCGAAAGCGGCCTGCTGGGGCTTTTCTGACGCTGAGGTACGAAAGCGTGGGGAGCAAACAGG",16,0,16,0,"ESV_37",TRUE,TRUE,"OTU_76",TRUE,"Root","unclassified_Root",NA,NA,NA,NA,NA,"29.0745223576961","29.0745223576961",NA,NA,NA,NA,NA
"43","ESV_38","OTU_21","TACAGAGGGTGCGAGCGTTAATCGGATTTACTGGGCGTAAAGGGCGCGTAGGTGGTTATGTAAGTTGGGTGTGAAAGCCCCGGGCTCAACCTGGGAATGGCATTCGATACTGCGTAACTAGAGTTTGGTAGAGGGGGGTGGAATTTCCGGTGTAGCGGTGAAATGCGTAGAGATCGGAAGGAACATCAGTGGCGAAGGCGACCCCCTGGACTGAGACTGACACTGAGGTGCGAAAGCGTGGGGAGCAAACAGG",16,0,16,0,"ESV_38",TRUE,TRUE,"OTU_21",TRUE,"Root","Bacteria","Proteobacteria","Gammaproteobacteria","unclassified_Gammaproteobacteria",NA,NA,"53.7474239818558","53.7474239818558","52.4931032554058","51.8985289099401","51.8985289099401",NA,NA
"44","ESV_39","OTU_14","GACGGGGGATGCAAGTGTTATCCGGAATCACTGGGCGTAAAGCGTTTGTAGGTGGTTTAGTAAGTCTATTGTTAAAGCTTGAAGCTCAACTTCAAAACTGTAATAGAAACTATTAAACTAGAGGATAGTAGGGGTAAAGGGAATTTCCAGTGTAGCGGTGAAATGCGTAGAGATTGGAAGGACCACCGATGGCGAAGGCACTTTACTGGGCTATTTCTGACACTAAGAGACGAAAGCTAGGGTAGCAAATGGG",15,0,15,0,"ESV_12",FALSE,TRUE,"OTU_6",FALSE,"Root","Bacteria","Cyanobacteria","Oxyphotobacteria",NA,NA,"Chloroplast","52.2278259296109","51.9133921335005","49.8986217283491","49.8986217283491",NA,NA,"49.8986217283491"
"45","ESV_4","OTU_51","TACGGAGGGGGCTAGCGTTGTTCGGAATTACTGGGCGTAAAGCGCACGTAGGCGGCGCGTCAAGTTAGAGGTGAAAGGCCCGGGCTCAACCTGGGAACTGCCTTTAAGACTGGCGCGCTTGAGTCCGGAAGAGGGCAGTGGAATTCCCAGTGTAGAGGTGAAATTCGTAGATATTGGGAAGAACACCGGTTGCGAAGGCGGCTGCCTGGTCCGGTACTGACGCTGAGGTGCGAAAGCGTGGGGAGCAAACAGG",247,0,247,0,"ESV_2",FALSE,FALSE,"OTU_51",FALSE,"Root","Bacteria","Proteobacteria","Alphaproteobacteria","unclassified_Alphaproteobacteria",NA,NA,"56.4765862608475","56.4765862608475","53.6373630623498","50.7006847161273","50.7006847161273",NA,NA
"46","ESV_40","OTU_11","GACGGAGGGTGCTAGCGTTGTTCGGAATCACTGGGCGTAAAGGGCGCGTAGGCGGCTTCATTAGTCAGATGTGAAAGCCCGGGGCTCAACCCCGGAATTGCATTTGATACTGTGGAGCTAGAGATCGAGAGAGGAAAGTGGAATACCCAGTGTAGAGGTGAAATTCGTAGATATTGGGTGGAACACCAGTGGCGAAAGCGGCTTTCTGGCTCGATACTGACGCTGAGGCGCGAAAGCGTGGGGAGCAAACAGG",15,0,15,0,"ESV_15",FALSE,TRUE,"OTU_13",FALSE,"Root","Bacteria","Proteobacteria","Alphaproteobacteria","unclassified_Alphaproteobacteria",NA,NA,"44.8305916354597","44.8305916354597","40.5695323335033","40.5695323335033","40.5695323335033",NA,NA
"47","ESV_41","OTU_55","TACGGAGGGGGTTAGCGTTGTTCGGAATTACTGGGCGTAAAGCGCGCGTAGGCGGACTATTAAGTCAGGGGTGAAATCCCGGGGCTCAACCCCGGAACTGCCTTTGATACTGGTAGTCTTGAGTTCGAGAGAGGTGAGTGGAATTCCGAGTGTAGAGGTGAAATTCGTAGATATTCGGAGGAACACCAGTGGCGAAGGCGGCTCACTGGCTCGATACTGACGCTGAGGTGCGAAAGTGTGGGGAGCAAACAGG",15,0,15,0,"ESV_23",FALSE,TRUE,"OTU_27",FALSE,"Root","Bacteria","Proteobacteria","Alphaproteobacteria","Rhodobacterales","Rhodobacteraceae","unclassified_Rhodobacteraceae","100","100","100","98.9569720838159","97.9087393721726","97.9087393721726","97.9087393721726"
"48","ESV_42","OTU_44","TACGGAGGGGGCAAGCGTTATTCGGAATCATTGGGCGTAAAGGGCGCGTAGGCGGCTTGGCAAGTCAGGGGTGAAATCCCTCGGCTCAACCGAGGAACTGCCTCTGAAACTGTCTGGCTTGAGGCCGGGAGAGGGTAGTGGAATTCCCAGTGTAGCGGTGAAATGCGTAGATATTGGGAGGAACACCGGTGGCGAAGGCGGCTACCTGGACCGGTTCTGACGCTGAGGCGCGAAAGTGTGGGGAGCAAACAGG",0,15,0,15,"ESV_42",TRUE,TRUE,"OTU_44",TRUE,"Root","Bacteria","Acidobacteriota","Thermoanaerobaculia","UBA5704","UBA5704","JAAYLR01","72.5203146326115","72.5203146326115","56.5037362355475","56.5037362355475","55.8131084823159","52.2836024111429","42.7801592387326"
"49","ESV_43","OTU_62","TACGGAGGGTGCAAGCGTTAATCGGAATTACTGGGCGTAAAGCGCGCGTAGGTTGTTTGTTAAGCGAGATGTGAAAGCCCCGGGCTTAACCTGGGAACTGCATTTCGAACTGGCAGACTAGAGTACAGTAGAGGGTGGCGGAATTTCCTGTGTAGCGGTGAAATGCGTAGAGATGGGAAGGAACATCAGTGGCGAAGGCGGCCACCTGGACTGATACTGACACTGAGGTGCGAAAGCGTGGGGAGCAAACAGG",14,0,14,0,"ESV_43",TRUE,TRUE,"OTU_62",TRUE,"Root","Bacteria","Proteobacteria","Gammaproteobacteria","Pseudomonadales","DSM-6294","Oleibacter","100","100","100","100","100","97.7363196430383","93.1865582303231"
"50","ESV_44","OTU_0","AACCAGCACCTCAAGTGGTCAGGAGGATTATTGGGCCTAAAGCATCCGTAGCCGGCTGTGTAAGTTTTCGGTTAAATCTATATGCTCAACATATAGGCTGCCGAGAATACTGTACAGCTAGGGAGTGGGAGAGGTAGACGGTACTCGGTAGGAAGGGGTAAAATCCTTTGATCTATTGATGACCACCTGTGGCGAAGGCGGTCTACTAGAACACGTCCGACGGTGAGGGATGAAAGCTGGGGGAGCAAACCGG",14,0,14,0,"ESV_9",FALSE,TRUE,"OTU_1",FALSE,"Root","Archaea","Thermoproteota","Nitrososphaeria","Nitrososphaerales","Nitrosopumilaceae","unclassified_Nitrosopumilaceae","74.0823958997113","74.0823958997113","74.0823958997113","74.0823958997113","74.0823958997113","74.0823958997113","74.0823958997113"
"51","ESV_45","OTU_84","TACGGAGGGTGCGAGCGTTGTTCGGAATCATTGGGCGTAAAGCGCGTGTAGGCGGCTTGGCAAGTCGGGTGTGAAATCCCGGGGCCCAACCCCGGAACTGCACTCGAAACTGCCTCGCTAGAGTCCCGGAGAGGAAGGCGGAATTCCCGGTGTAGAGGTGAAATTCGTAGATATCGGGAGGAACACCAGCGGCGAAGGCGGCCTTCTGGACGGTGACTGACGCTGAGACGCGAAAGCGTGGGGAGCAAACAGG",14,0,14,0,"ESV_45",TRUE,TRUE,"OTU_84",TRUE,"Root","Bacteria","Myxococcota_A","UBA9160","UBA9160","unclassified_UBA9160",NA,"69.4572814182959","69.4572814182959","56.0913243154271","56.0913243154271","51.9377000374785","51.9377000374785",NA
"52","ESV_46","OTU_10","GACGGAGGGTGCAAGCGTTGTTCGGAATTACTGGGCGTAAAGCGCGTGTAGGCGGCTTGGCAAGTCGGATGTGAAATCCCGGGGCTCAACCCCGGAACTGCATCCGAAACTGCCTCGCTAGAGTCCCGGAGAGGAAGGCAGAATTCCCGGTGTAGGGGTGAAATCCGTAGATATCGGGAGGAATACCAGTGGCGAAGGCGGCCTTCTGGACGGTGACTGACGCTGAGACGCGAAAGCGTGGGGAGCAAACAGG",0,14,0,14,"ESV_46",TRUE,TRUE,"OTU_10",TRUE,"Root","Bacteria","Myxococcota_A","UBA9160","unclassified_UBA9160",NA,NA,"72.2235415195286","72.2235415195286","59.549490184099","59.549490184099","59.549490184099",NA,NA
"53","ESV_47","OTU_65","TACGGAGGGTGCGAGCGTTAATCGGAATTACTGGGCGTAAAGCGTGCGTAGGCGGCCTGTTAAGTTGGATGTGAAAGCCCCGGGCTCAACCTGGGAACTGCATTCAAAACTGACAGGCTCGAGTGCGGAAGAGGAGTGTGGAATTTCCTGTGTAGCGGTGAAATGCGTAGATATAGGAAGGAACACCAGTGGCGAAGGCGACACTCTGGTCTGACACTGACGCTGAGGTACGAAAGCGTGGGGAGCAAACAGG",0,14,0,14,"ESV_11",FALSE,FALSE,"OTU_65",FALSE,"Root","Bacteria","Proteobacteria","Gammaproteobacteria","Pseudomonadales","Endozoicomonadaceae","Endozoicomonas","74.1524536626738","74.1524536626738","74.1524536626738","73.5755635325452","69.4515834746365","60.2505835922165","60.2505835922165"
"54","ESV_48","OTU_52","TACGGAGGGGGCTAGCGTTGTTCGGAATTACTGGGCGTAAAGCGCGCGTAGGCGGATTGGTCAGTCAGAGGTGAAATCCCGAAGCTCAACTTCGGAACTGCCTTTGATACTGCCGATCTAGAGTCCGGGAGAGGTGAGTGGAATTCCTAGTGTAGAGGTGAAATTCGTAGATATTAGGAAGAACACCAGTGGCGAAGGCGGCTCACTGGCCCGGTACTGACGCTGAGGTGCGAAAGCGTGGGGAGCAAACAGG",13,0,13,0,"ESV_23",FALSE,TRUE,"OTU_27",FALSE,"Root","Bacteria","Proteobacteria","Alphaproteobacteria","Rhizobiales","unclassified_Rhizobiales",NA,"72.5420786024599","72.5420786024599","71.6358574539084","71.6358574539084","52.5650519841206","52.5650519841206",NA
"55","ESV_49","OTU_37","TACGGAGGATCCAAGCGTTATCCGGAATTATTGGGTTTAAAGGGTCCGCAGGCTGTTTGTTAAGTCAGAGGTGAAATCCTACCGCTCAACGGTAGAACTGCCTTTGATACTGGCAAACTTGAGTTATTGTGAAGTAGTTAGAATGTGTAGTGTAGCGGTGAAATGCATAGATATTACACAGAATACCGATTGCGAAAGCAGATTACTAACAATATACTGACGCTGAGGGACGAAAGCGTGGGTAGCGAACAGG",12,0,12,0,"ESV_49",TRUE,TRUE,"OTU_37",TRUE,"Root","Bacteria","Bacteroidota","Bacteroidia","Flavobacteriales","Flavobacteriaceae","MED-G11","100","100","90.0087849720502","90.0087849720502","90.0087849720502","90.0087849720502","84.4712043156904"
"56","ESV_5","OTU_36","TACGGAGGAGGCAAGCGTTATCCGGAATCATTGGGCGTAAAGCGTCCGTAGGTGGCCAAGTAAGTCTGCTGTCAAAGACCACAGCTTAACTGTGGAAAGGCAGTGGAAACTGCAGGGCTAGAGTGCGGTAGGGGTAGAGGGAATTCCAGGTGTAGCGGTGAAATGCGTAGAGCTCTGGAAGAACACCGGTGGCGAAAGCGCTCTACTGGGCCGTAACTGACACTGAGGGACGAAAGCTAGGGGAGCGAAAGGG",245,0,245,0,"ESV_5",TRUE,TRUE,"OTU_36",TRUE,"Root","Bacteria","Cyanobacteria","Cyanobacteriia","Cyanobacteriales","Desertifilaceae","Hormoscilla","87.4765084038973","87.4765084038973","87.4765084038973","87.4765084038973","87.4765084038973","85.6241676705774","82.2100037787113"
"57","ESV_50","OTU_24","TACGAAGGGACCTAGCGTAGTTCGGAATTACTGGGCTTAAAGAGTTCGTAGGTGGTTGAAAAAGTTGGTGGTGAAATCCCAGAGCTTAACTCTGGAACTGCCATCAAAACTTTTCAGCTAGAGTATGATAGAGGAAAGCAGAATTTCTAGTGTAGAGGTGAAATTCGTAGATATTAGAAAGAATACCAATTGCGAAGGCAGCTTTCTGGATCATTACTGACACTGAGGAACGAAAGCATGGGTAGCGAAGAGG",12,0,12,0,"ESV_50",TRUE,TRUE,"OTU_24",TRUE,"Root","Bacteria","Proteobacteria","Alphaproteobacteria","Pelagibacterales","Pelagibacteraceae","Pelagibacter","100","100","100","100","100","100","92.1006052454334"
"58","ESV_51","OTU_79","TACGGAGGGTGCGAGCGTTAATCGGAATTACTGGGCGTAAAGCGCACGCAGGCGGTATGTTAAGTTAGATGTGAAAGCCCCGGGCTCAACCTGGGATGGTCATTTAAGACTGGCATACTAGAGTCTTGTAGAGGGGTGTGGAATTCCACGTGTAGCGGTGAAATGCGTAGATATGTGGAGGAACATCAGTGGCGAAGGCGGCACCCTGGACAAAGACTGACGCTCATGTGCGAAAGTGTGGGTAGCGAACAGG",12,0,12,0,"ESV_51",TRUE,TRUE,"OTU_79",TRUE,"Root","Bacteria","Proteobacteria","Gammaproteobacteria","Enterobacterales","unclassified_Enterobacterales",NA,"58.8997897746951","58.8997897746951","49.0104477744127","48.5084041823371","44.388300325463","44.388300325463",NA
"59","ESV_52","OTU_49","TACGGAGGGGGCTAGCGTTGTTCGGAATTACTGGGCGTAAAGCGCACGTAGGCGGACCGGTAAGTTGGGGGTGAAATCCCAAGGCTCAACCTTGGAACTGCCCTCAAAACTGCCAGTCTTGAGTCCGGAAGAGGTGAGTGGAATTCCTAGTGTAGAGGTGAAATTCGTAGATATTAGGAAGAACACCAGTGGCGAAGGCGGCTCACTGGTCCGGTACTGACGCTGAGGTGCGAAAGCGTGGGGAGCAAACAGG",11,0,11,0,"ESV_23",FALSE,TRUE,"OTU_27",FALSE,"Root","Bacteria","Proteobacteria","Alphaproteobacteria","Rhizobiales","unclassified_Rhizobiales",NA,"71.9969275835173","71.9969275835173","71.9969275835173","69.9723382489331","50.6818910888829","50.6818910888829",NA
"60","ESV_53","OTU_12","GACGGAGGGTGCTAGCGTTGTTCGGAATCACTGGGCGTAAAGGGCGCGTAGGCGGCTTGGTCAGTCAGATGTGAAAGCCCGGGGCTCAACCCCGGAACTGCATTTGATACTTCCAAGCTAGAGGTCGAAAGAGGAGAGTGGAATACCCAGTGTAGAGGTGAAATTCGTAGATATTGGGTGGAACACCAGTGGCGAAAGCGGCTCTCTGGTTCGAATCTGACGCTGAGGCGCGAAAGCGTGGGGAGCAAACAGG",11,0,11,0,"ESV_15",FALSE,TRUE,"OTU_13",FALSE,"Root","Bacteria","Proteobacteria","Alphaproteobacteria","unclassified_Alphaproteobacteria",NA,NA,"54.9818583967239","54.9818583967239","47.0786872115114","44.5273613886261","44.5273613886261",NA,NA
"61","ESV_54","OTU_35","TACGGAAGGTGCAAGCGTTAATCGGAATTACTGGGCGTAAAGCGCGCGTAGGCAGTTAGGTAAGTCGGATGTGAAATCCCTAAGCTCAACTTAGGAATGGCATTCGATACTGCTTAACTAGAGTGCAGTATAGGAAAGTGGAATTTCGGGTGTAGCGGTGAAATGCGTAGATATCCGGAAGAACACCAGTGGCGAAGGCGGCTTTCTGGGCTGTTTCTGACGCTAAGGCGCGAAAGCGTGGGGAGCAAACAGG",11,0,11,0,"ESV_54",TRUE,TRUE,"OTU_35",TRUE,"Root","unclassified_Root",NA,NA,NA,NA,NA,"38.7005193355662","38.7005193355662",NA,NA,NA,NA,NA
"62","ESV_55","OTU_89","TACGGGAGTGGCAAGCGTTATCCGGAATTATTGGGCGTAAAGCGTCCGCAGGCGGCCTGACAAGTCTGCTGTTAAAGCGTGGAGCTTAACTCCATTTCAGCAGTGGAAACTGTCAGGCTTGAGTGTGGTAGGGGCAGAGGGAATTCCCGGTGTAGCGGTGAAATGCGTAGATATCGGGAAGAACACCAGTGGCGAAAGCGCTCTGCTGGGCCATCACTGACGCTCATGGACGAAAGCCAGGGGAGCGAAAGGG",11,0,11,0,"ESV_17",FALSE,TRUE,"OTU_88",FALSE,"Root","Bacteria","Cyanobacteria","Cyanobacteriia","PCC-6307","Cyanobiaceae","RCC307","100","100","100","100","100","100","88.7104560597039"
"63","ESV_56","OTU_46","TACGGAGGGGGCAAGCGTTGTTCGGAATTACTGGGCGTAAAGGGCGCGTAGGCGGGATGTCAAGTTAGGGGTGAAAGGCCTGGGCTCAACCTAGGAACTGCCTCTAAAACTGGCAATCTAGAGTCCGGGAGAGGATAGCGGAATTCCCAGTGTAGAGGTGAAATTCGTAGATATTGGGAAGAACACCAGTGGCGAAGGCGGCTATCTGGTCCGGCACTGACGCTGAGGCGCGAAAGCGTGGGGAGCAAACAGG",0,11,0,11,"ESV_56",TRUE,TRUE,"OTU_46",TRUE,"Root","Bacteria","Proteobacteria","Alphaproteobacteria","unclassified_Alphaproteobacteria",NA,NA,"62.0329928517319","62.0329928517319","60.9712058255439","60.9712058255439","60.9712058255439",NA,NA
"64","ESV_57","OTU_60","TACGGAGGGTGCGAGCGTTAATCGGAATTACTGGGCGTAAAGAGTACGTAGGCGGCTTGGTCAGTCGGATGTGAAAGCCCCGGGCTTAACCTGGGAATTGCACTCGATACTGCCAAGCTAGAGTTTAGTAGAGGAATGCGGAATTCCGGGTGTAGCGGTGAAATGCGTAGAGATCCGGAGGAACATCAATGGCGAAGGCAGCATTCTGGGCGAAGACTGACGCTGAGGTGCGAAAGCGTGGGGAGCAAACAGG",10,0,10,0,"ESV_35",FALSE,FALSE,"OTU_60",FALSE,"Root","Bacteria","Proteobacteria","Gammaproteobacteria","UBA4575","UBA4575","JABDMD01","69.9508729910851","69.9508729910851","69.9508729910851","69.9508729910851","62.2926926372485","62.2926926372485","62.2926926372485"
"65","ESV_58","OTU_16","GACGTAGGGACCGAGCGTTGTCCGGAATTATTGGGCGTAAAGAGCTCGTAGGCGGTTGCGTAAGTCGGATGTGAAAACTCAGGGCTCAACCCTGAGACGCCATCCGATACTGCGCTGACTCGAATCCAGTAGGGGAGTGTGGAATTCCTGGTGTAGCGGTGAAATGCGCAGATATCAGGAGGAACACCTATGGCGAAGGCAGCACTCTGGGCTGGTATTGACGCTGAGGAGCGAAAGCATGGGTAGCAAACAGG",10,0,10,0,"ESV_58",TRUE,TRUE,"OTU_16",TRUE,"Root","Bacteria","Actinobacteriota","Acidimicrobiia","Acidimicrobiales","SZUA-35","CADEDH01","80.575196987794","80.575196987794","80.575196987794","80.0675222885474","79.4751046232011","79.4751046232011","79.4751046232011"
"66","ESV_59","OTU_80","TACGGAGGGTGCGAGCGTTAATCGGAATTACTGGGCGTAAAGCGCACGTAGGTGGTTTGATAAGTCGGATGTGAAATCCCCGGGCTTAACCTGGGAATTGCATTCGATACTGTCTCACTAGAGTCTAGCAGAGGGATGCGGAATTCCGGGTGTAGCGGTGAAATGCGTAGAGATCCGGAGGAACATCAGTGGCGAAGGCGGCATCCTGGGCTAAGACTGACACTGAGGTGCGAAAGCGTGGGGAGCAAACAGG",10,0,10,0,"ESV_35",FALSE,TRUE,"OTU_60",FALSE,"Root","Bacteria","Proteobacteria","Gammaproteobacteria","UBA4575","UBA4575","unclassified_UBA4575","62.4430151078555","62.4430151078555","61.7905244289968","61.7905244289968","40.5826903566304","40.5826903566304","40.5826903566304"
"67","ESV_6","OTU_56","TACGGAGGGGGTTAGCGTTGTTCGGAATTACTGGGCGTAAAGCGTACGTAGGCGGATCAGAAAGTTGGGGGTGAAATCCCAGGGCTCAACCCTGGAACTGCCTCCAAAACTCCTGGTCTAGAGTTCGAGAGAGGTGAGTGGAACTCCGAGTGTAGAGGTGAAATTCGTAGATATTCGGAAGAACACCAGTGGCGAAGGCGGCTCACTGGCTCGATACTGACGCTGAGGTACGAAAGTGTGGGGAGCAAACAGG",0,178,0,178,"ESV_1",FALSE,TRUE,"OTU_30",FALSE,"Root","Bacteria","Proteobacteria","Alphaproteobacteria","Rhodobacterales","Rhodobacteraceae","unclassified_Rhodobacteraceae","95.2433246271553","95.2433246271553","95.2433246271553","95.2433246271553","95.2433246271553","95.2433246271553","95.2433246271553"
"68","ESV_60","OTU_43","TACGGAGGGCGCAAGCGTTGTTCGGAATCACTGGGCGTAAAGCGCGTGTAGGCGGTCAGGTCAGTCGGATGTGAAATCCCGAGGCTCAACCTCGGAACTGCATTCGAAACTTCCTGGCTAGAGTCCCGGAGAGGAAGGCAGAATTCCCGGTGTAGGGGTGAAATCCGTAGATATCGGGAGGAATACCAGTGGCGAAGGCGGCCTTCTGGACGGTGACTGACGCTGAGACGCGAAAGCGTGGGGAGCAAACAGG",9,0,9,0,"ESV_45",FALSE,TRUE,"OTU_84",FALSE,"Root","Bacteria","Myxococcota_A","UBA9160","unclassified_UBA9160",NA,NA,"69.8879421731853","69.8879421731853","65.925465020171","65.925465020171","65.925465020171",NA,NA
"69","ESV_61","OTU_31","TACGAAGGGTGCAAGCGTTAATCGGAATTACTGGGCGTAAAGAGCGCGTAGGTGGTTAGGTAAGCTGGTTGTGAAATCCCTGGGCTTAACCTGGGAATTGCGATCAGAACTACCTAACTAGAGTGTCGGAGAGGGCAGTGGAATTTCCGGTGTAGCAGTGAAATGCGTAGATATCGGAAGGAACACCGGTGGCGAAGGCGACTGCCTGGACGAACACTGACACTAAAGTGCGAAAGCGTGGGGAGCAAACAGG",8,0,8,0,"ESV_61",TRUE,TRUE,"OTU_31",TRUE,"Root","Bacteria","unclassified_Bacteria",NA,NA,NA,NA,"42.7453675566735","42.7453675566735","42.7453675566735",NA,NA,NA,NA
"70","ESV_62","OTU_67","TACGGAGGGTGCAAGCGTTATCCGGAATCACTGGGTTTAAAGGGTGCGTAGGCGGCCTGATAAGTCAGAGGTGAAATCCCGCAGCTCAACTGTGGAATTGCCTTTGATACTGTCAAGCTAGAATTAAGTTGAGGTTAGCGGAATGTGACATGTAGCGGTGAAATGCATAGATATGTCATAGAACACCAATTGCGAAGGCAGCTGACTGGGCTTATATTGACGCTGAGGCACGAAAGCGTGGGGAGCGAACAGG",8,0,8,0,"ESV_62",TRUE,TRUE,"OTU_67",TRUE,"Root","Bacteria","Bacteroidota","Bacteroidia","Chitinophagales","Saprospiraceae","unclassified_Saprospiraceae","62.7112504520906","62.7112504520906","55.4589113907058","55.4589113907058","52.0975893812851","50.835346706596","50.835346706596"
"71","ESV_63","OTU_32","TACGAAGGTGGCGAGCGTTGTTCGGATTTACTGGGCGTAAAGAGCACGTAGGCGGTTAGATAAGCCTCTTGGGAAAGCTCCTGGCTTAACCGGGAAAGGTCGAGGGGAACTGTCTAGCTAGAGGGCGGGAGAGGAGCGTGGAATTCCCGGTGTAGCGGTGAAATGCGTAGATATCGGGAAGAAGGCCGGTGGCGAAGGCGACGCTCTGGAACGATCCTGACGCTGAGGTGCGAAAGCGTGGGGAGCAAACAGG",8,0,8,0,"ESV_34",FALSE,TRUE,"OTU_32",TRUE,"Root","Bacteria","unclassified_Bacteria",NA,NA,NA,NA,"62.4538212863962","62.4538212863962","62.4538212863962",NA,NA,NA,NA
"72","ESV_64","OTU_23","TACGAAGGGACCTAGCGTAGTTCGGAATTACTGGGCTCAAAGAGCTCGTAGGTGGTTAAAAAAGTTGATGGTGAAATCCCAAGGCTCAACCTTGGAACTGCCATCAAAACTTTTTAGCTAGAGTGTGATAGAGGTAAGTGGAATTTCTAGTGTAGAGGTGAAATTCGTAGATATTAGAAAGAACACCAAATGCGAAGGCAACTTACTGGGTCACTACTGACACTGAGGAGCGAAAGCATGGGTAGCGAAGAGG",8,0,8,0,"ESV_50",FALSE,TRUE,"OTU_24",FALSE,"Root","Bacteria","Proteobacteria","Alphaproteobacteria","Pelagibacterales","Pelagibacteraceae","Pelagibacter_A","94.8285165481201","94.8285165481201","94.8285165481201","94.8285165481201","94.8285165481201","94.8285165481201","78.0988693615797"
"73","ESV_65","OTU_71","TACGGAGGGTGCAAGCGTTGTCCGGATTTATTGGGTTTAAAGGGTGCGTAGGCGGCGCGCTAAGTCAGTGGTGAAATCCTGCGGCTCAACCGTAGAAGTGCCATTGATACTGGTGCGCTTGAATGTACTTGGGGCAAGCGGAATTCATGGTGTAGCGGTGAAATGCACAGATACCATGAAGAACACCGAGTGCGTAGGCAGCTTGCTGGAGTATGATTGACGCTGAGGCACGAAAGCGTGGGGAGCGAACAGG",8,0,8,0,"ESV_65",TRUE,TRUE,"OTU_71",TRUE,"Root","unclassified_Root",NA,NA,NA,NA,NA,"34.3505710549753","34.3505710549753",NA,NA,NA,NA,NA
"74","ESV_66","OTU_19","TACAGAGGGCGCAAACGTTGTTCGGAATTACTGGGCGTAAAGAGCATGTAGGCGGTTTTTTAAGTCGGTTGTGAAAGCCCATGGCTCAACCATGGAAGTGCGACCGATACTGGATAACTTGAGTCCCGGAGAGGGTGGCGGAATTCCCAGTGTAGAGGTGAAATTCGTAGATATTGGGAGGAACACCGGTGGCGAAGGCGGCCACCTGGACGGGTACTGACGCTGAGATGCGAAAGCGTGGGGAGCAAACAGG",8,0,8,0,"ESV_66",TRUE,TRUE,"OTU_19",TRUE,"Root","Bacteria","unclassified_Bacteria",NA,NA,NA,NA,"50.973946895349","50.973946895349","50.973946895349",NA,NA,NA,NA
"75","ESV_67","OTU_16","GACGTAGGGACCGAGCGTTGTCCGGATTTATTGGGCGTAAAGAGCTCGTAGGCGGTTGCGTAAGTCGGATGTGAAAACTCAGGGCTCAACCCTGAGACGCCATCCGATACTGCGCTGACTCGAATCCAGTAGGGGAGTGTGGAATTCCTGGTGTAGCGGTGAAATGCGCAGATATCAGGAGGAACACCTATGGCGAAGGCAGCACTCTGGGCTGGTATTGACGCTGAGGAGCGAAAGCGTGGGTAGCAAACAGG",0,8,0,8,"ESV_67",TRUE,FALSE,"OTU_16",FALSE,"Root","Bacteria","Actinobacteriota","Acidimicrobiia","Acidimicrobiales","SZUA-35","CADEDH01","78.9181244850388","78.9181244850388","75.9699179704853","75.9699179704853","74.6279558077932","72.2637457629091","72.2637457629091"
"76","ESV_68","OTU_5","GACGAAGGGGGCAAGCGTTGTTCGGAATTACTGGGCGTAAAGGGCGTGTAGGCGGTAGTTTATGTCGGACGTGAAAGCCCTGGGCTCAACCCAGGAAGTGCGTTCGAAACGAAACTACTAGAGTGTGGGAGAGGCGAGCGGAATTCCCGGTGTAGAGGTGGAATTCGTGGATATCGGGAAGAACACCAGAGGCGAAGGCGGCTCGCTGGACCATAACTGACGCTGAGGCGCGATAGCGTGGGGAGCAAACAGG",0,8,0,8,"ESV_68",TRUE,TRUE,"OTU_5",TRUE,"Root","unclassified_Root",NA,NA,NA,NA,NA,"28.0494942169961","28.0494942169961",NA,NA,NA,NA,NA
"77","ESV_69","OTU_59","TACGGAGGGTGCAAGCGTTAATCGAAATCACTGGGCGTAAAGCGTATGTAGGTGGTGTTATATGTTGAATGTGAAATCCCTCGGCTCAACCGAGGAACTGCATTCAAAACTGTAACACTGGAGTGTAAGAGAGGTTAATAGAATTTCCCAAGTAGCGGTGACATGTGTAGATATGGGAAGGAATACCAGTTGCGAAGGCGATTAACTGGCTTAACACTGACACTGAGATACGAAAGCTTGGGGAGCGAACAGG",7,0,7,0,"ESV_69",TRUE,TRUE,"OTU_59",TRUE,"Root","unclassified_Root",NA,NA,NA,NA,NA,"22.4006239260518","22.4006239260518",NA,NA,NA,NA,NA
"78","ESV_7","OTU_51","TACGGAGGGGGCTAGCGTTGTTCGGAATTACTGGGCGTAAAGCGCACGTAGGCGGCGCGTCAAGTTAGAGGTGAAAGGCCCGGGCTCAACCTGGGAACTGCCTTTAAGACTGACGCGCTTGAGTCCGGAAGAGGGCAGTGGAATTCCCAGTGTAGAGGTGAAATTCGTAGATATTGGGAAGAACACCGGTTGCGAAGGCGGCTGCCTGGTCCGGTACTGACGCTGAGGTGCGAAAGCGTGGGGAGCAAACAGG",129,0,129,0,"ESV_2",FALSE,FALSE,"OTU_51",FALSE,"Root","Bacteria","Proteobacteria","Alphaproteobacteria","unclassified_Alphaproteobacteria",NA,NA,"57.7603198390152","57.7603198390152","55.7891855500381","52.9780887728098","52.9780887728098",NA,NA
"79","ESV_70","OTU_28","TACGAAGGGGGCTAGCGTTGTTCGGAATCACTGGGCGTAAAGGGCGCGTAGGCGGCTCGGCAAGTGGAGGGTGAAAGCCCTGGGCTCAACCCAGGAACTGCCCCCCAAACTGCCGAGCTTGAGTGTGAGAGAGGGTGGCGGAATTCCCAGTGGAGAGGTGGAATTCGTAGAGATTGGGAAGAACACCAGTGGCGAAGGCGGCCACCTGGCTCACAACTGACGCTGAGGCGCGAAAGCGTGGGTAGCAAACAGG",7,0,7,0,"ESV_70",TRUE,TRUE,"OTU_28",TRUE,"Root","Bacteria","unclassified_Bacteria",NA,NA,NA,NA,"48.526089051448","48.526089051448","48.526089051448",NA,NA,NA,NA
"80","ESV_71","OTU_47","TACGGAGGGGGCGAGCGTTGTTCGGAATTACTGGGCGTAAAGCGCACGTAGGCGGATTGGTCAGTTGGGGGTGAAATCCCGAGGCTTAACCTCGGAACTGCCCTCAATACTGCCAATCTAGAGATCGGAAGAGGTAAGTGGAATTCCTAGTGTAGAGGTGAAATTCGTAGATATTAGGAAGAACACCAGTGGCGAAGGCGGCTTACTGGTCCGATACTGACGCTGAGGTGCGAAAGCGTGGGGAGCAAACAGG",7,0,7,0,"ESV_23",FALSE,TRUE,"OTU_27",FALSE,"Root","Bacteria","Proteobacteria","Alphaproteobacteria","Rhizobiales","unclassified_Rhizobiales",NA,"62.8049314228357","62.8049314228357","60.4449427278114","60.4449427278114","45.6940496457331","45.6940496457331",NA
"81","ESV_72","OTU_58","TACGGAGGGTGCAAACGTTGTTCGGAATCATTGGGCGTAAAGCGCACGTAGGCGGCTCATCAAGTCTGATGTGAAATCCCGGGGCTCAACCTCGGAATGCCATTGGAAACTGGTGAGCTTGAGAGTGAGAGGGGTTAGTGGAATTTCTGGTGTAGGGGTGAAATCCGTAGAGATCAGAAGGAACACCGGTGGCGAAGGCGACTGACTGGATCATTTCTGACGCTGAGGTGCGAAAGCGTGGGTAGCAAACAGG",7,0,7,0,"ESV_72",TRUE,TRUE,"OTU_58",TRUE,"Root","Bacteria","unclassified_Bacteria",NA,NA,NA,NA,"48.3513897461297","48.3513897461297","48.3513897461297",NA,NA,NA,NA
"82","ESV_73","OTU_48","TACGGAGGGGGCTAGCGTTGTTCGGAATCACTGGGCGTAAAGCGCGCGTAGGCGGATTACTCCGTTGGGGGTGAAATCCTGAGGCTCAACCTCAGAATTGCCTTCAAAACAGGTAATCTCGAGTCCGAGAGGGGTGAGTGGAATTTCCAGTGTAGAGGTGGAATTCGTAGATATTGGAAAGAACACCAGTGGCGAAGGCGGCTCACTGGCTCGGAACTGACGCTGAGGCGCGAAAGCGTGGGGAGCGAACAGG",6,0,6,0,"ESV_73",TRUE,TRUE,"OTU_48",TRUE,"Root","Bacteria","Proteobacteria","Alphaproteobacteria","unclassified_Alphaproteobacteria",NA,NA,"49.9795619243065","49.9795619243065","47.2135277046603","44.7024600430977","44.7024600430977",NA,NA
"83","ESV_74","OTU_20","TACAGAGGGTGCAAACGTTGCTCGGAATTACTGGGCGTAAAGCGCGTGTAGGCGGCCTGTTAAGTCGACTGTGAAAGCCCATGGCTCAACCATGGAAGTGCGGTCGAAACTGGCAGGCTAGAGTCCTGGAGAGGGTGGCGGAATTCTCAGTGTAGAGGTGAAATTCGTAGATATTGGGAGGAACACCGGTGGCGAAGGCGGCCACCTGGACAGGTACTGACGCTGAGACGCGAAAGCGTGGGGAGCAAACAGG",6,0,6,0,"ESV_66",FALSE,TRUE,"OTU_19",FALSE,"Root","Bacteria","Myxococcota","unclassified_Myxococcota",NA,NA,NA,"55.0203622432268","55.0203622432268","41.8542683250049","41.8542683250049",NA,NA,NA
"84","ESV_75","OTU_60","TACGGAGGGTGCAAGCGTTAATCGGAATTACTGGGCGTAAAGAGCACGTAGGCGGCTTGGTCAGTCGGATGTGAAATCCCCGGGCTTAACCTGGGAATTGCACTCGATACTGCCAAGCTAGAGTTTAGTAGAGGAATGCGGAATTCCGGGTGTAGCGGTGAAATGCGTAGAGATCCGGAGGAACATCAATGGCGAAGGCAGCATTCTGGGCGAAGACTGACGCTGAGGTGCGAAAGCGTGGGGAGCAAACAGG",0,6,0,6,"ESV_75",TRUE,TRUE,"OTU_60",TRUE,"Root","Bacteria","Proteobacteria","Gammaproteobacteria","UBA4575","UBA4575","JABDMD01","64.2235662092053","64.2235662092053","63.2774638226829","63.2774638226829","54.8061489111166","54.8061489111166","53.7977395993582"
"85","ESV_76","OTU_86","TACGGGAGGTGCGAGCGTTAATCGGAATTACTGGGCGTAAAGCGCGCGTAGGCGGATCGTTAAGTGAAGGGTGAAATCCCGGGGCTCAACCCCGGAACTGCCTCTCATACTGGCGATCTGGAGTTCGAGAGAGGTGAGTGGAATTCCGAGTGTAGAGGTGAAATTCGTAGATATTCGGAGGAACACCAGTGGCGAAGGCGGCTCACTGGCTCGATACTGACGCTGAGGTGCGAAAGCGTGGGGAGCAAACAGG",0,6,0,6,"ESV_1",FALSE,TRUE,"OTU_30",FALSE,"Root","Bacteria","Proteobacteria","Alphaproteobacteria","Rhizobiales","Rhizobiaceae","SPNT01","76.4709699068252","76.4709699068252","76.4709699068252","75.9233869481055","55.4221698167736","54.5300385308723","41.5778054664098"
"86","ESV_77","OTU_83","TACGGAGGGTGCGAGCGTTAATCGGAATTACTGGGCGTAAAGGGCGCGTAGGCGGTTTGGTAAGTCGGGTGTGAAAGCCCCGAGCTCAACTCGGGAACTGCATTCGAAACTGCCTGGCTAGAGTGTGGTAGAGGGAAGCGGAATTCCAGGTGTAGCGGTGAAATGCGTAGATATCTGGAGGAACATCAGTGGCGAAGGCGGCTTCCTGGACCAACACTGACGCTGAGGCGCGAAAGCGTGGGGAGCAAACAGG",5,0,5,0,"ESV_77",TRUE,TRUE,"OTU_83",TRUE,"Root","Bacteria","Proteobacteria","Gammaproteobacteria","unclassified_Gammaproteobacteria",NA,NA,"66.464585715702","66.464585715702","61.0732028785772","61.0732028785772","61.0732028785772",NA,NA
"87","ESV_78","OTU_29","TACGAAGGGGGCTAGCGTTGTTCGGAATTACTGGGCGTAAAGCGCACGTAGGCGGATGTGTCAGTCAGGGGTGAAATCCCGGGGCTCAACCCCGGAACTGCCTCCGATACAGCACATCTGGAGTCCGGAAGAGGTGAGTGGAATTCCTAGTGTAGAGGTGAAATTCGTAGATATTAGGAAGAACACCAGTGGCGAAGGCGGCTCACTGGTCCGGTACTGACGCTGAGGTGCGAAAGCGTGGGGAGCAAACAGG",5,0,5,0,"ESV_23",FALSE,TRUE,"OTU_27",FALSE,"Root","Bacteria","Proteobacteria","Alphaproteobacteria","Rhizobiales","unclassified_Rhizobiales",NA,"70.3437174842496","70.3437174842496","60.5759075806001","51.8134485339757","46.4787636290823","46.4787636290823",NA
"88","ESV_79","OTU_70","TACGGAGGGTGCAAGCGTTGTCCGGATTTATTGGGTTTAAAGGGTACGTAGGCGGATTTTTAAGTCCGTGGTGAAAGCCTACAGCTTAACTGTAGAACTGCCATGGATACTGGAAATCTTGAGTTCAGTTGAGGTAAGCGGAATTTATGATGTAGCGGTGAAATGCATAGATATCATAAAGAACACCTATTGCGAAGGCAGCTTACTGGACTTGGACTGACGCTAAGGTACGAAAGCGTGGGGAGCGAACAGG",5,0,5,0,"ESV_79",TRUE,TRUE,"OTU_70",TRUE,"Root","Bacteria","Bacteroidota","Bacteroidia","Cytophagales","Cyclobacteriaceae","Ekhidna","75.3860859751263","75.3860859751263","74.7561714723187","74.7561714723187","74.7561714723187","73.8938099366031","73.8938099366031"
"89","ESV_8","OTU_64","TACGGAGGGTGCAAGCGTTAATCGGAATTACTGGGCGTAAAGCGTGCGTAGGCGGCTGCCTAAGTTGGATGTGAAAGCCCCGGGCTCAACCTGGGAACTGCATCCAAAACTGGGCAGCTAGAGTGCGGAAGAGGAGTGTGGAATTTCCTGTGTAGCGGTGAAATGCGTAGATATAGGAAGGAACACCAGTGGCGAAGGCGACACTCTGGTCTGACACTGACGCTGAGGTACGAAAGCGTGGGGAGCAAACAGG",103,0,103,0,"ESV_8",TRUE,TRUE,"OTU_64",TRUE,"Root","Bacteria","Proteobacteria","Gammaproteobacteria","Pseudomonadales","Endozoicomonadaceae","Endozoicomonas","100","100","100","100","100","99.205781866075","99.205781866075"
"90","ESV_80","OTU_3","GACGAACCGGTCGAACGTTATTCGGAATCACTGGGCTTAAAGAGTGCGTAGGCGGTCTTGCAGGTGAGGTGTGAAATCCCCCGGCCCAACCGGGGAACTGCGCTTCAAACCGCAGGACTTGAGGGAGATAGAGGTGAGCGGAACTGATGGTGGAGCGGTGAAATGCGTTGATATCATCAGGAACACCCGTGGCGAAAGCGGCTCACTGGGTCTCTTCTGACGCTGAGGCACGAAAGCTAGGGTAGCGAACAGG",5,0,5,0,"ESV_80",TRUE,TRUE,"OTU_3",TRUE,"Root","Bacteria","Planctomycetota","Planctomycetia","Pirellulales","Pirellulaceae","unclassified_Pirellulaceae","58.4709028867322","58.4709028867322","56.7261584070511","56.2636802638857","55.1235114581208","48.5282931990597","48.5282931990597"
"91","ESV_81","OTU_85","TACGGGAGGGGCAAGCGTTATTCAAAATAACTGGGCGTAAAGGGTTCGTAGACGGTATTTTGTGTTAAATTGTTAAATACTAAAAGTATAATCTTTATAAAAAGGCAGTTAAAACTATTTTACTATGAGTTTTAAACGGAAGAATGGAATTCTATGAGTAAGGGTAAAATCTGTAGATACATAGAGGAATATTTATAGCGAAGGCGATTCTTTGGTAAAAACTGACGTTGAGGAACGAAAGTATAGGGAGCAAACAGG",4,0,4,0,"ESV_81",TRUE,TRUE,"OTU_85",TRUE,"Root","unclassified_Root",NA,NA,NA,NA,NA,"24.1728191463883","24.1728191463883",NA,NA,NA,NA,NA
"92","ESV_82","OTU_90","TACGGGGGATGCAAGCGTTATCCGGAATCATTGGGCGTAAAGCGTCTGTAGGTGGTTGAGTAAGTCTGCTGTTAAATATTAGGGCCCAACCCTAGAACTGCAGTGGAAACTACTAAACTTGAGTAAAGTATGGGCAAAGGGAATTCCCAGTGTAGCGGTGAAATGCGTAGATATTGGAAGGAACACCAGTGGCGAAAGCGCTTTGCTTGACTTTGACTGACACTCAGAGACGAAAGCTAAGGTAGCGAATGGG",4,0,4,0,"ESV_82",TRUE,TRUE,"OTU_90",TRUE,"Root","unclassified_Root",NA,NA,NA,NA,NA,"39.5779592100391","39.5779592100391",NA,NA,NA,NA,NA
"93","ESV_83","OTU_69","TACGGAGGGTGCAAGCGTTGTCCGGATTCACTGGGTGTAAAGGGTGTGTAGGCGGAATTGCAAGTCAGAGGTGAAATCCTGCGGCTTAACCGTAGAATTGCCTTTGATACTGCTTTTCTTGAGTACCGGAGAGGCTACTAGAATTCGTGGTGTAGCGGTGAAATGCGTAGATATCACGAGGAATACCAGAGGCGTAGGCGGGTAGCTGGACGGATACTGACGCTGAGGCACGAAAGCGTGGGGAGCAAACAGG",4,0,4,0,"ESV_83",TRUE,TRUE,"OTU_69",TRUE,"Root","Bacteria","unclassified_Bacteria",NA,NA,NA,NA,"59.598809189261","59.598809189261","59.598809189261",NA,NA,NA,NA
"94","ESV_84","OTU_61","TACGGAGGGTGCAAGCGTTAATCGGAATTACTGGGCGTAAAGCGCGCGTAGGCGGCTATTTAAGTCAGTTGTGAAAGCCCCGGGCTCAACCTGGGAACTGCAATTGATACTGGATAGCTAGAGTATGGGAGAGGGTTGTGGAATTCCACGTGTAGCGGTGAAATGCGTAGATATGTGGAGGAACATCAGTGGCGAAGGCGGCAGCCTGGCCCAATACTGACGCTGAGGTGCGAAAGCGTGGGGAGCAAACAGG",4,0,4,0,"ESV_84",TRUE,TRUE,"OTU_61",TRUE,"Root","Bacteria","Proteobacteria","Gammaproteobacteria","Pseudomonadales","DSM-21967","Dasania","77.024985454651","77.024985454651","77.024985454651","76.398721631198","75.1478046179376","75.1478046179376","67.2590269901887"
"95","ESV_85","OTU_45","TACGGAGGGGGCAAGCGTTATTCGGATTTATTGGGCGTAAAGGGCGTGTAGGCGGCTTGGTAAGTGAAAGGTGAAATCCCACGGCTCAACCGTGGAACTGCCTTTCATACTGCCTCGCTAGAGTCCAGGAGAGGCTAGTGGAATTCCCAGTGTAGCGGTGAAATGCGTAGATATTGGGAGGAACACCAGTGGCGAAGGCGACTAGCTGGACTGGTACTGACGCTGAAGCGCGAAAGCATGGGGAGCAAACAGG",4,0,4,0,"ESV_85",TRUE,TRUE,"OTU_45",TRUE,"Root","Bacteria","unclassified_Bacteria",NA,NA,NA,NA,"47.5636152571177","47.5636152571177","47.5636152571177",NA,NA,NA,NA
"96","ESV_86","OTU_15","GACGGGGGATGCAAGTGTTATCCGGAATTACTGGGCGTAAAGCGTTTGTAGGTGGTTTGATAAGTCTATCATTAAATCTTGAAGCTCAACTTCAAAAGTGTGATAGAAACTATTAAACTAGAGAATCGGAGGGGTAAAGGGAATTTCCAGTGGAGCGGTGAAATGCGTAGAGATTGGAAGGACCACCGAAGGCGAAGGCACTTTACTGGGCTATTTCTGACACTTAGAGACGAAAGCTAGGGGAGCAAATGGG",4,0,4,0,"ESV_12",FALSE,TRUE,"OTU_6",FALSE,"Root","Bacteria","unclassified_Bacteria",NA,NA,NA,NA,"45.2847774533424","45.2847774533424","45.2847774533424",NA,NA,NA,NA
"97","ESV_87","OTU_18","TACAGAGGGCCCGAGCGTTAATCGGAATCACTGGGCTTAAAGCGTGCGTAGGCGGACCCGCAAGTACTTTGTGAAATCCCACGGCTCAACCGTGGAATTGCTTGGTAGACTGCGGGTCTTGAGGTCGGTAGGGGCTGTCGGAACTCTAGGTGGAGCGGTGAAATGCGTAGATATCTAGAGGAACGCCCAAGGCGAAGGCAGGCAGCTGGGCCGAATCTGACGCTGAGGCACGAAAGCGTGGGTAGCGAACGGG",4,0,4,0,"ESV_87",TRUE,TRUE,"OTU_18",TRUE,"Root","Bacteria","Planctomycetota","Phycisphaerae","unclassified_Phycisphaerae",NA,NA,"49.1771022691038","49.1771022691038","46.663416674167","45.8033571369164","45.8033571369164",NA,NA
"98","ESV_88","OTU_73","TACGGAGGGTGCAAGCGTTGTTCGGAATCATTGGGCGTAAAGCGCGTGTAGGCGGCTTGGAAAGTCGGATGTGAAATCCCGGGGCTCAACCCCGGAACTGCATTCGAAACTTCCTCGCTAGAGTCTCGGAGAGGAGAGCGGAATTCCCGGTGTAGAGGTGAAATTCGTAGATATCGGGAGGAACACCAGCGGCGAAGGCGGCTCTCTGGACGATGACTGACGCTGAGACGCGAAAGCGTGGGGAGCAAACAGG",4,0,4,0,"ESV_45",FALSE,TRUE,"OTU_84",FALSE,"Root","Bacteria","unclassified_Bacteria",NA,NA,NA,NA,"62.9311183391469","62.9311183391469","62.9311183391469",NA,NA,NA,NA
"99","ESV_89","OTU_40","TACGGAGGGAGCTAGCGTTGTTCGGAATTACTGGGCGTAAAGCGCGCGTAGGCGGCTCGCCAAGTTGGGGGTGAAAGCCCGGGGCTTAACCTCGGAACTGCCCTCAAAACTGGCGAACTGGAATCTTGAGAGAGGTGAGCGGAATTCCTGGTGTAGAGGTAAAATTCGTAGAGATCAGGAAGAACACCGGTGGCGAAGGCGGCTCACTGGACAAGTATTGACGCTAAGGCGCGAAAGCGTGGGGAGCGAACAGG",0,4,0,4,"ESV_89",TRUE,TRUE,"OTU_40",TRUE,"Root","Bacteria","Proteobacteria","Alphaproteobacteria","unclassified_Alphaproteobacteria",NA,NA,"48.9062275253609","48.4207080820197","41.687124037295","41.1501212354836","41.1501212354836",NA,NA
"100","ESV_9","OTU_1","AACCAGCACCTCAAGTGGTCAGGATGATTATTGGGCCTAAAGCATCCGTAGCCGGCTCTGTAAGTTTTCGGTTAAATCTGTACGCTCAACGTACAGGCTGCCGGGAATACTGCAGAGCTAGGGAGTGGGAGAGGTAGACGGTACTCGGTAGGAAGGGGTAAAATCCTTTGATCTATTGATGACCACCTGTGGCGAAGGCGGTCTACCAGAACACGTCCGACGGTGAGGGATGAAAGCTGGGGGAGCAAACCGG",57,25,57,25,"ESV_9",TRUE,TRUE,"OTU_1",TRUE,"Root","Archaea","Thermoproteota","Nitrososphaeria","Nitrososphaerales","Nitrosopumilaceae","Nitrosopumilus","99.9999999999999","99.9999999999999","99.9999999999999","99.9999999999999","99.9999999999999","99.9999999999999","86.6364618046564"
"101","ESV_90","OTU_77","TACGGAGGGTGCAAGTGTTGTCCGGATTTATTGGGTTTAAAGGGTGCGTAGGCGGCAAATTAAGTCGGTGGTGAAAGCCTATAGCTTAACTATAGAATTGCCATCGATACTGATTGGCTTGAGTGTGGTTAAGGCAAGTGGAATTTATGGTGTAGCGGTGAAATGCTTAGATATCATAAGGAACGCCGATAGCGTAGGCAACTTGCTGAGCCACTACTGACGCTGAGGCACGAAAGCGTGGGGAGCGAACAGG",0,4,0,4,"ESV_90",TRUE,TRUE,"OTU_77",TRUE,"Root","unclassified_Root",NA,NA,NA,NA,NA,"31.5871600869917","31.5871600869917",NA,NA,NA,NA,NA
"102","ESV_91","OTU_91","TACGGGGGGTGCGAGCGTTATTCGGGATTATTGGGTTTAAAGGGTATGTAGGCGGCAATTTAAGTCGGTGGTGAAATTCTATGGCTTAACTGTAGGGTGTTCATTGAAACTGGGTTGCTGGAGTGTTAGCGGTTCGGGAGGAATTTGTGGAGTAGCGGTGAAATGCGCAGATACTACAAGGAATGTTTGAGGCGAAGGCGTCTCGTTAGCTAATTACTGACGCTGATATACGAGAGCATGGGTAGCGATTGGG",0,4,0,4,"ESV_91",TRUE,TRUE,"OTU_91",TRUE,"Root","unclassified_Root",NA,NA,NA,NA,NA,"20.0069391314925","20.0069391314925",NA,NA,NA,NA,NA
"103","ESV_92","OTU_26","TACGAAGGGGGCGAGCGTTGTTCGGAATTATTGGGCGTAAAGGGCGCGCAGGCGGTTTGGATAGTTAGACGTGAAAGCCCTGGGCTTAACCTAGGAACTGCGTTTAATACTGCCAAACTAGAGAACTAGAGAGGATAGCGGAACTCCCAGTGTAGAGGTGAAATTCGTAGATATTGGGAAGAACATCAGTGGCGAAAGCGGCTGTCTGGCTAGTTTCTGACGCTGAGGCGCGAAAGCGTGGGGAGCAAACAGG",3,0,3,0,"ESV_92",TRUE,TRUE,"OTU_26",TRUE,"Root","Bacteria","Proteobacteria","Alphaproteobacteria","Puniceispirillales","AAA536-G10","TMED54","100","100","100","100","100","100","100"
"104","ESV_93","OTU_8","GACGGAGGGGGCGAGCGTTGTTCGGAATTACTGGGCGTAAAGCGTGCGTAGGCGGGCCGGTAAGTTAGAGGTGAAAGCCTGGGGCTCAACCCCAGAACGGCCTTTAATACTGCCAGTCTAGAGTATAGGAGAGGCGAGTGGAATTCCCAGCGTAGAGGTGAAATTCGTAGATACTGGGAAGAACACCCATGGCGAAGGCATCTCGCTGGCCTATCACTGACGCTGAGGTACGAAAGCGTGGGGAGCAAACAGG",3,0,3,0,"ESV_93",TRUE,TRUE,"OTU_8",TRUE,"Root","unclassified_Root",NA,NA,NA,NA,NA,"34.3492338996887","34.3492338996887",NA,NA,NA,NA,NA
"105","ESV_94","OTU_17","TACAAAGGGGGCTAGCGTTACTCGGAATTATTGGGCGTAAAGCATGCGCAGGCGGTCTTGTAAGTCAGGAGTGAAAGCCTTGGGCTTAACCCAAGAATTGCTCTTGAAACTACAAGACTTGAGTACTGGAGAGGATAGCGGAATTACTAGTGTAGAGGTGAAATTCGTAGATATTAGTAGGAATACCGAAGGCGAAAGCAGCTATCTGGACAGATACTGACGCTGTGGCATGAAAGCGTGGGGAGCAAACAGG",3,0,3,0,"ESV_94",TRUE,TRUE,"OTU_17",TRUE,"Root","unclassified_Root",NA,NA,NA,NA,NA,"36.7070140283481","36.7070140283481",NA,NA,NA,NA,NA
"106","ESV_95","OTU_39","TACGGAGGGAGCGAGCGTTGTTCGGAATTACTGGGCGTAAAGGGCGCGTAGGCGGCCTTGTAAGTCGGGTGTGAAATGCCGGGGCTCAACTCCGTGCACTGCACCCGATACTGCTTGGCTAGAGAAAGGTAGAGGCGAGCGGAATTCCCGGTGTAGCGGTGGAATGCGTAGATATCGGGAAGAACATCTGCGGCGAAGGCGGCTCGCTGGGCCTTTTCTGACGCTGAAGCGCGAAAGCGTGGGGAGCAAACAGG",0,3,0,3,"ESV_95",TRUE,FALSE,"OTU_39",FALSE,"Root","Bacteria","unclassified_Bacteria",NA,NA,NA,NA,"44.882910002062","44.882910002062","44.882910002062",NA,NA,NA,NA
"107","ESV_96","OTU_42","TACGGAGGGCGCAAGCGTTGCTCGGAATCATTGGGCGTAAAGGGTGCGTAGGCGGCCTAATAAGTCAGATGTGAAATCCCTCGGCTCAACCGAGGAATTGCATTTGATACTGTTAGGCTTGAGTATGGTAGAGGGAAGCGGAATTCCTGGTGTAGCGGTGAAATGCGTTGATATCAGGAGGAACACCAGTGGCGAAGGCGGCTTTCTGGGCCATTACTGACGCTGATGCACGAAAGCGTTGGGTAGCAAACGGG",0,3,0,3,"ESV_96",TRUE,TRUE,"OTU_42",TRUE,"Root","unclassified_Root",NA,NA,NA,NA,NA,"33.1176206439961","33.1176206439961",NA,NA,NA,NA,NA
"108","ESV_97","OTU_66","TACGGAGGGTGCAAGCGTTAATCGGAATTATTGGGCGTAAAGAGTACGTAGGCGGCTTTTCAAGTCGGATGTGAAATCCCTGAGCTTAACTTAGGAACTGCATTCGATACTGAATCGCTAGAGTTTATTAGAGGATAGTGGAATTTCAAGTGTAGCGGTGAAATGCGTAGATATTTGAAGGAACACCAATGGCGAAGGCAGCTATCTGGAGTAATACTGACGCTGAGGTACGAAAGCGTGGGGAGCAAACAGG",2,0,2,0,"ESV_97",TRUE,TRUE,"OTU_66",TRUE,"Root","Bacteria","Proteobacteria","Gammaproteobacteria","unclassified_Gammaproteobacteria",NA,NA,"54.9694509857449","54.9694509857449","52.4575605502748","51.1175496981576","51.1175496981576",NA,NA
"109","ESV_98","OTU_74","TACGGAGGGTGCAAGCGTTGTTCGGAATTATTGGGCGTAAAGTGTGCGTAGGCGGCGAAATAAGTCTGATGTGAAATATCAGGGCTCAACCTTGAAAATGCATCAGATACTGTTTTGCTAGAGTCCGAGAGAGGCTAGTGGAATTCCTGGTGTAGGGGTGAAATCCGTAGATATCAGGAAGAACACCGGTGGCGAAGGCGACTAGCTGGATCGGTACTGACGCTGAGGTGCGAAAGCGTGGGTAGCAAACAGG",2,0,2,0,"ESV_98",TRUE,TRUE,"OTU_74",TRUE,"Root","unclassified_Root",NA,NA,NA,NA,NA,"31.9438230246342","31.9438230246342",NA,NA,NA,NA,NA
"110","ESV_99","OTU_93","TACGTAGGGTGCAAGCGTTGTTCGGAATCATTGGGCGTAAAGCGCGTGTAGGCGGCCATCTAAGTCTGATGTGAAAGCCCGGGGCTTAACCCCGGAAGTGCATTGGATACTGGATGGCTAGAGGGCGAGAGAGGGAAGTGGAATTCCTGGTGTAGGGGTGAAATCCGTAGATATCAGGAGGAACATCAGAGGCGAAGGCGACTTCCTGGCTCGTTTCTGACGCTGAGACGCGAAAGCGTGGGGAGCAAACAGG",2,0,2,0,"ESV_99",TRUE,TRUE,"OTU_93",TRUE,"Root","Bacteria","unclassified_Bacteria",NA,NA,NA,NA,"52.9290516589154","52.9290516589154","52.9290516589154",NA,NA,NA,NA
